img,class
Img/img648-001.png,648
Img/img648-002.png,648
Img/img648-003.png,648
Img/img648-004.png,648
Img/img648-005.png,648
Img/img648-006.png,648
Img/img648-007.png,648
Img/img648-008.png,648
Img/img648-009.png,648
Img/img648-010.png,648
Img/img648-011.png,648
Img/img648-012.png,648
Img/img648-013.png,648
Img/img648-014.png,648
Img/img648-015.png,648
Img/img648-016.png,648
Img/img648-017.png,648
Img/img648-018.png,648
Img/img648-019.png,648
Img/img648-020.png,648
Img/img648-021.png,648
Img/img648-022.png,648
Img/img648-023.png,648
Img/img648-024.png,648
Img/img648-025.png,648
Img/img649-001.png,649
Img/img649-002.png,649
Img/img649-003.png,649
Img/img649-004.png,649
Img/img649-005.png,649
Img/img649-006.png,649
Img/img649-007.png,649
Img/img649-008.png,649
Img/img649-009.png,649
Img/img649-010.png,649
Img/img649-011.png,649
Img/img649-012.png,649
Img/img649-013.png,649
Img/img649-014.png,649
Img/img649-015.png,649
Img/img649-016.png,649
Img/img649-017.png,649
Img/img649-018.png,649
Img/img649-019.png,649
Img/img649-020.png,649
Img/img649-021.png,649
Img/img649-022.png,649
Img/img649-023.png,649
Img/img649-024.png,649
Img/img649-025.png,649
Img/img650-001.png,650
Img/img650-002.png,650
Img/img650-003.png,650
Img/img650-004.png,650
Img/img650-005.png,650
Img/img650-006.png,650
Img/img650-007.png,650
Img/img650-008.png,650
Img/img650-009.png,650
Img/img650-010.png,650
Img/img650-011.png,650
Img/img650-012.png,650
Img/img650-013.png,650
Img/img650-014.png,650
Img/img650-015.png,650
Img/img650-016.png,650
Img/img650-017.png,650
Img/img650-018.png,650
Img/img650-019.png,650
Img/img650-020.png,650
Img/img650-021.png,650
Img/img650-022.png,650
Img/img650-023.png,650
Img/img650-024.png,650
Img/img650-025.png,650
Img/img651-001.png,651
Img/img651-002.png,651
Img/img651-003.png,651
Img/img651-004.png,651
Img/img651-005.png,651
Img/img651-006.png,651
Img/img651-007.png,651
Img/img651-008.png,651
Img/img651-009.png,651
Img/img651-010.png,651
Img/img651-011.png,651
Img/img651-012.png,651
Img/img651-013.png,651
Img/img651-014.png,651
Img/img651-015.png,651
Img/img651-016.png,651
Img/img651-017.png,651
Img/img651-018.png,651
Img/img651-019.png,651
Img/img651-020.png,651
Img/img651-021.png,651
Img/img651-022.png,651
Img/img651-023.png,651
Img/img651-024.png,651
Img/img651-025.png,651
Img/img652-001.png,652
Img/img652-002.png,652
Img/img652-003.png,652
Img/img652-004.png,652
Img/img652-005.png,652
Img/img652-006.png,652
Img/img652-007.png,652
Img/img652-008.png,652
Img/img652-009.png,652
Img/img652-010.png,652
Img/img652-011.png,652
Img/img652-012.png,652
Img/img652-013.png,652
Img/img652-014.png,652
Img/img652-015.png,652
Img/img652-016.png,652
Img/img652-017.png,652
Img/img652-018.png,652
Img/img652-019.png,652
Img/img652-020.png,652
Img/img652-021.png,652
Img/img652-022.png,652
Img/img652-023.png,652
Img/img652-024.png,652
Img/img652-025.png,652
Img/img653-001.png,653
Img/img653-002.png,653
Img/img653-003.png,653
Img/img653-004.png,653
Img/img653-005.png,653
Img/img653-006.png,653
Img/img653-007.png,653
Img/img653-008.png,653
Img/img653-009.png,653
Img/img653-010.png,653
Img/img653-011.png,653
Img/img653-012.png,653
Img/img653-013.png,653
Img/img653-014.png,653
Img/img653-015.png,653
Img/img653-016.png,653
Img/img653-017.png,653
Img/img653-018.png,653
Img/img653-019.png,653
Img/img653-020.png,653
Img/img653-021.png,653
Img/img653-022.png,653
Img/img653-023.png,653
Img/img653-024.png,653
Img/img653-025.png,653
Img/img654-001.png,654
Img/img654-002.png,654
Img/img654-003.png,654
Img/img654-004.png,654
Img/img654-005.png,654
Img/img654-006.png,654
Img/img654-007.png,654
Img/img654-008.png,654
Img/img654-009.png,654
Img/img654-010.png,654
Img/img654-011.png,654
Img/img654-012.png,654
Img/img654-013.png,654
Img/img654-014.png,654
Img/img654-015.png,654
Img/img654-016.png,654
Img/img654-017.png,654
Img/img654-018.png,654
Img/img654-019.png,654
Img/img654-020.png,654
Img/img654-021.png,654
Img/img654-022.png,654
Img/img654-023.png,654
Img/img654-024.png,654
Img/img654-025.png,654
Img/img655-001.png,655
Img/img655-002.png,655
Img/img655-003.png,655
Img/img655-004.png,655
Img/img655-005.png,655
Img/img655-006.png,655
Img/img655-007.png,655
Img/img655-008.png,655
Img/img655-009.png,655
Img/img655-010.png,655
Img/img655-011.png,655
Img/img655-012.png,655
Img/img655-013.png,655
Img/img655-014.png,655
Img/img655-015.png,655
Img/img655-016.png,655
Img/img655-017.png,655
Img/img655-018.png,655
Img/img655-019.png,655
Img/img655-020.png,655
Img/img655-021.png,655
Img/img655-022.png,655
Img/img655-023.png,655
Img/img655-024.png,655
Img/img655-025.png,655
Img/img656-001.png,656
Img/img656-002.png,656
Img/img656-003.png,656
Img/img656-004.png,656
Img/img656-005.png,656
Img/img656-006.png,656
Img/img656-007.png,656
Img/img656-008.png,656
Img/img656-009.png,656
Img/img656-010.png,656
Img/img656-011.png,656
Img/img656-012.png,656
Img/img656-013.png,656
Img/img656-014.png,656
Img/img656-015.png,656
Img/img656-016.png,656
Img/img656-017.png,656
Img/img656-018.png,656
Img/img656-019.png,656
Img/img656-020.png,656
Img/img656-021.png,656
Img/img656-022.png,656
Img/img656-023.png,656
Img/img656-024.png,656
Img/img656-025.png,656
Img/img657-001.png,657
Img/img657-002.png,657
Img/img657-003.png,657
Img/img657-004.png,657
Img/img657-005.png,657
Img/img657-006.png,657
Img/img657-007.png,657
Img/img657-008.png,657
Img/img657-009.png,657
Img/img657-010.png,657
Img/img657-011.png,657
Img/img657-012.png,657
Img/img657-013.png,657
Img/img657-014.png,657
Img/img657-015.png,657
Img/img657-016.png,657
Img/img657-017.png,657
Img/img657-018.png,657
Img/img657-019.png,657
Img/img657-020.png,657
Img/img657-021.png,657
Img/img657-022.png,657
Img/img657-023.png,657
Img/img657-024.png,657
Img/img657-025.png,657
